<?xml version="1.0" encoding="UTF-8"?>
<jcr:root xmlns:sling="http://sling.apache.org/jcr/sling/1.0" xmlns:cq="http://www.day.com/jcr/cq/1.0" xmlns:jcr="http://www.jcp.org/jcr/1.0" xmlns:nt="http://www.jcp.org/jcr/nt/1.0"
    jcr:primaryType="cq:Page">
    <jcr:content
        cq:lastModified="{Date}2022-06-11T14:13:56.307+05:30"
        cq:lastModifiedBy="admin"
        cq:template="/conf/watchtrailer/settings/wcm/templates/watch-trailer-basic-template"
        jcr:primaryType="cq:PageContent"
        jcr:title="Watch Trailer"
        sling:resourceType="watchtrailer/components/page">
        <root jcr:primaryType="nt:unstructured">
            <maincontainer jcr:primaryType="nt:unstructured">
                <maincontainer
                    jcr:primaryType="nt:unstructured"
                    sling:resourceType="wcm/foundation/components/responsivegrid">
                    <latesttrailers
                        jcr:created="{Date}2022-06-10T23:09:36.843+05:30"
                        jcr:createdBy="admin"
                        jcr:lastModified="{Date}2022-06-10T23:09:36.843+05:30"
                        jcr:lastModifiedBy="admin"
                        jcr:primaryType="nt:unstructured"
                        sling:resourceType="watchtrailer/components/content/latesttrailers">
                        <cq:responsive jcr:primaryType="nt:unstructured">
                            <default
                                jcr:primaryType="nt:unstructured"
                                offset="0"
                                width="11"/>
                        </cq:responsive>
                    </latesttrailers>
                    <latestnews
                        jcr:created="{Date}2022-06-10T23:09:44.125+05:30"
                        jcr:createdBy="admin"
                        jcr:lastModified="{Date}2022-06-11T14:13:56.307+05:30"
                        jcr:lastModifiedBy="admin"
                        jcr:primaryType="nt:unstructured"
                        sling:resourceType="watchtrailer/components/content/latestnews"
                        newsParentPath="/content/watchtrailer/news">
                        <cq:responsive jcr:primaryType="nt:unstructured">
                            <default
                                jcr:primaryType="nt:unstructured"
                                behavior="none"
                                offset="0"
                                width="6"/>
                        </cq:responsive>
                    </latestnews>
                    <coming
                        jcr:created="{Date}2022-06-10T23:11:24.057+05:30"
                        jcr:createdBy="admin"
                        jcr:lastModified="{Date}2022-06-10T23:11:24.057+05:30"
                        jcr:lastModifiedBy="admin"
                        jcr:primaryType="nt:unstructured"
                        sling:resourceType="watchtrailer/components/content/coming">
                        <cq:responsive jcr:primaryType="nt:unstructured">
                            <default
                                jcr:primaryType="nt:unstructured"
                                offset="0"
                                width="6"/>
                        </cq:responsive>
                    </coming>
                </maincontainer>
            </maincontainer>
        </root>
    </jcr:content>
    <news/>
</jcr:root>
